timestamp,pageID,status
1,11,MISS
2,33,MISS
3,44,MISS
4,6,MISS
5,31,MISS
6,7,MISS
7,29,MISS
8,6,HIT
9,9,MISS
10,21,MISS
11,44,HIT
12,12,MISS
13,34,MISS
14,24,MISS
15,11,HIT
16,17,MISS
17,34,HIT
18,43,MISS
19,44,HIT
20,33,HIT
21,2,MISS
22,28,MISS
23,2,HIT
24,7,HIT
25,34,HIT
26,33,HIT
27,29,HIT
28,26,MISS
29,16,MISS
30,22,MISS
31,31,HIT
32,25,MISS
33,27,MISS
34,47,MISS
35,44,HIT
36,24,HIT
37,44,HIT
38,26,HIT
39,9,HIT
40,47,HIT
41,9,HIT
42,49,MISS
43,9,HIT
44,10,MISS
45,11,HIT
46,12,HIT
47,29,HIT
48,38,MISS
49,2,HIT
50,23,MISS
51,27,HIT
52,40,MISS
53,34,HIT
54,42,MISS
55,29,HIT
56,20,MISS
57,11,HIT
58,41,MISS
59,27,HIT
60,46,MISS
61,31,HIT
62,22,HIT
63,11,HIT
64,43,HIT
65,11,HIT
66,24,HIT
67,44,HIT
68,47,HIT
69,29,HIT
70,3,MISS
71,27,HIT
72,46,HIT
73,34,HIT
74,15,MISS
75,39,MISS
76,30,MISS
77,2,HIT
78,30,HIT
79,44,HIT
80,45,MISS
81,27,HIT
82,45,HIT
83,2,HIT
84,17,HIT
85,27,HIT
86,30,HIT
87,29,HIT
88,20,HIT
89,31,HIT
90,5,MISS
91,39,HIT
92,41,HIT
93,2,HIT
94,20,HIT
95,9,HIT
96,7,HIT
97,31,HIT
98,49,HIT
99,44,HIT
100,43,HIT
101,27,HIT
102,7,HIT
103,16,HIT
104,45,HIT
105,31,HIT
106,43,HIT
107,29,HIT
108,50,MISS
109,11,HIT
110,41,HIT
111,27,HIT
112,17,HIT
113,29,HIT
114,49,HIT
115,27,HIT
116,20,HIT
117,39,HIT
118,30,HIT
119,29,HIT
120,30,HIT
121,29,HIT
122,38,HIT
123,34,HIT
124,47,HIT
125,44,HIT
126,10,HIT
127,31,HIT
128,7,HIT
129,31,HIT
130,13,MISS
131,27,HIT
132,42,HIT
133,39,HIT
134,47,HIT
135,16,HIT
136,40,HIT
137,9,HIT
138,17,HIT
139,44,HIT
140,22,HIT
141,2,HIT
142,22,HIT
143,29,HIT
144,38,HIT
145,39,HIT
146,6,HIT
147,44,HIT
148,30,HIT
149,27,HIT
150,19,MISS
151,39,HIT
152,32,MISS
153,27,HIT
154,50,HIT
155,16,HIT
156,49,HIT
157,39,HIT
158,14,MISS
159,44,HIT
160,26,HIT
161,31,HIT
162,21,HIT
163,29,HIT
164,47,HIT
165,44,HIT
166,5,HIT
167,44,HIT
168,38,HIT
169,9,HIT
170,48,MISS
171,39,HIT
172,43,HIT
173,11,HIT
174,18,MISS
175,11,HIT
176,50,HIT
177,39,HIT
178,13,HIT
179,31,HIT
180,35,MISS
181,11,HIT
182,45,HIT
183,31,HIT
184,37,MISS
185,39,HIT
186,40,HIT
187,31,HIT
188,25,HIT
189,29,HIT
190,45,HIT
191,29,HIT
192,12,HIT
193,16,HIT
194,47,HIT
195,31,HIT
196,40,HIT
197,2,HIT
198,8,MISS
199,9,HIT
200,32,HIT
201,11,HIT
202,36,MISS
203,34,HIT
204,6,HIT
205,39,HIT
206,22,HIT
207,16,HIT
208,38,HIT
209,34,HIT
210,36,HIT
211,16,HIT
212,26,HIT
213,27,HIT
214,41,HIT
215,9,HIT
216,10,HIT
217,16,HIT
218,37,HIT
219,39,HIT
220,3,HIT
221,9,HIT
222,21,HIT
223,2,HIT
224,20,HIT
225,31,HIT
226,45,HIT
227,2,HIT
228,17,HIT
229,11,HIT
230,5,HIT
231,39,HIT
232,26,HIT
233,27,HIT
234,28,HIT
235,44,HIT
236,50,HIT
237,31,HIT
238,36,HIT
239,31,HIT
240,1,MISS
241,9,HIT
242,35,HIT
243,31,HIT
244,25,HIT
245,44,HIT
246,33,HIT
247,16,HIT
248,37,HIT
249,11,HIT
250,13,HIT
251,16,HIT
252,48,HIT
253,39,HIT
254,13,HIT
255,29,HIT
256,48,HIT
257,2,HIT
258,49,HIT
259,16,HIT
260,50,HIT
261,44,HIT
262,3,HIT
263,39,HIT
264,50,HIT
265,2,HIT
266,18,HIT
267,44,HIT
268,48,HIT
269,11,HIT
270,36,HIT
271,9,HIT
272,26,HIT
273,2,HIT
274,15,HIT
275,9,HIT
276,5,HIT
277,9,HIT
278,26,HIT
279,11,HIT
280,49,HIT
281,44,HIT
282,26,HIT
283,44,HIT
284,4,MISS
285,29,HIT
286,17,HIT
287,16,HIT
288,33,HIT
289,31,HIT
290,30,HIT
291,16,HIT
292,17,HIT
293,31,HIT
294,49,HIT
295,9,HIT
296,12,HIT
297,27,HIT
298,42,HIT
299,27,HIT
300,4,HIT
301,16,HIT
302,48,HIT
303,16,HIT
304,28,HIT
305,16,HIT
306,4,HIT
307,27,HIT
308,45,HIT
309,34,HIT
310,38,HIT
311,9,HIT
312,38,HIT
313,31,HIT
314,35,HIT
315,9,HIT
316,30,HIT
317,29,HIT
318,7,HIT
319,11,HIT
320,13,HIT
321,44,HIT
322,12,HIT
323,31,HIT
324,15,HIT
325,44,HIT
326,43,MISS
327,44,HIT
328,37,HIT
329,34,HIT
330,32,HIT
331,39,HIT
332,50,HIT
333,31,HIT
334,48,HIT
335,2,HIT
336,25,HIT
337,44,HIT
338,13,HIT
339,2,HIT
340,47,HIT
341,34,HIT
342,25,HIT
343,2,HIT
344,7,HIT
345,34,HIT
346,6,HIT
347,39,HIT
348,21,HIT
349,27,HIT
350,13,HIT
351,34,HIT
352,42,HIT
353,44,HIT
354,33,HIT
355,27,HIT
356,26,HIT
357,27,HIT
358,33,HIT
359,29,HIT
360,1,HIT
361,31,HIT
362,40,MISS
363,29,HIT
364,4,HIT
365,9,HIT
366,45,HIT
367,34,HIT
368,24,MISS
369,31,HIT
370,3,HIT
371,31,HIT
372,48,HIT
373,31,HIT
374,43,HIT
375,39,HIT
376,18,HIT
377,11,HIT
378,22,HIT
379,34,HIT
380,21,HIT
381,31,HIT
382,35,HIT
383,31,HIT
384,23,MISS
385,9,HIT
386,4,HIT
387,29,HIT
388,6,HIT
389,9,HIT
390,15,HIT
391,27,HIT
392,6,HIT
393,29,HIT
394,24,HIT
395,44,HIT
396,25,HIT
397,16,HIT
398,36,HIT
399,31,HIT
400,48,HIT
401,39,HIT
402,7,HIT
403,34,HIT
404,21,HIT
405,39,HIT
406,14,MISS
407,2,HIT
408,40,HIT
409,29,HIT
410,12,HIT
411,11,HIT
412,43,HIT
413,34,HIT
414,32,HIT
415,44,HIT
416,7,HIT
417,34,HIT
418,7,HIT
419,29,HIT
420,33,HIT
421,2,HIT
422,17,HIT
423,9,HIT
424,37,HIT
425,34,HIT
426,41,HIT
427,27,HIT
428,42,HIT
429,27,HIT
430,10,HIT
431,16,HIT
432,33,HIT
433,31,HIT
434,1,HIT
435,44,HIT
436,20,MISS
437,29,HIT
438,37,HIT
439,39,HIT
440,7,HIT
441,2,HIT
442,25,HIT
443,39,HIT
444,41,HIT
445,9,HIT
446,38,HIT
447,9,HIT
448,7,HIT
449,31,HIT
450,14,HIT
451,9,HIT
452,14,HIT
453,11,HIT
454,49,HIT
455,39,HIT
456,50,HIT
457,39,HIT
458,17,HIT
459,29,HIT
460,38,HIT
461,31,HIT
462,46,MISS
463,2,HIT
464,42,HIT
465,2,HIT
466,14,HIT
467,11,HIT
468,8,MISS
469,44,HIT
470,38,HIT
471,29,HIT
472,33,HIT
473,27,HIT
474,30,HIT
475,39,HIT
476,19,MISS
477,29,HIT
478,30,HIT
479,34,HIT
480,26,HIT
481,31,HIT
482,10,HIT
483,11,HIT
484,47,HIT
485,31,HIT
486,26,HIT
487,2,HIT
488,28,MISS
489,44,HIT
490,3,HIT
491,27,HIT
492,50,HIT
493,29,HIT
494,1,HIT
495,27,HIT
496,32,HIT
497,27,HIT
498,17,HIT
499,16,HIT
500,42,HIT
501,34,HIT
502,2,HIT
503,9,HIT
504,16,HIT
505,9,HIT
506,44,HIT
507,11,HIT
508,31,HIT
509,2,HIT
510,44,HIT
511,31,HIT
512,34,HIT
513,39,HIT
514,34,HIT
515,16,HIT
516,44,HIT
517,39,HIT
518,2,HIT
519,16,HIT
520,16,HIT
521,44,HIT
522,39,HIT
523,44,HIT
524,9,HIT
525,39,HIT
526,39,HIT
527,34,HIT
528,11,HIT
529,27,HIT
530,2,HIT
531,31,HIT
532,2,HIT
533,44,HIT
534,9,HIT
535,27,HIT
536,11,HIT
537,11,HIT
538,34,HIT
539,34,HIT
540,9,HIT
541,29,HIT
542,31,HIT
543,34,HIT
544,2,HIT
545,11,HIT
546,9,HIT
547,31,HIT
548,9,HIT
549,16,HIT
550,34,HIT
551,9,HIT
552,27,HIT
553,27,HIT
554,34,HIT
555,9,HIT
556,2,HIT
557,31,HIT
558,2,HIT
559,34,HIT
560,44,HIT
561,27,HIT
562,16,HIT
563,2,HIT
564,2,HIT
565,2,HIT
566,29,HIT
567,16,HIT
568,16,HIT
569,44,HIT
570,27,HIT
571,9,HIT
572,9,HIT
573,27,HIT
574,16,HIT
575,44,HIT
576,44,HIT
577,29,HIT
578,44,HIT
579,29,HIT
580,2,HIT
581,2,HIT
582,16,HIT
583,11,HIT
584,16,HIT
585,2,HIT
586,44,HIT
587,9,HIT
588,9,HIT
589,31,HIT
590,2,HIT
591,44,HIT
592,27,HIT
593,29,HIT
594,44,HIT
595,27,HIT
596,9,HIT
597,2,HIT
598,9,HIT
599,11,HIT
600,39,HIT
601,11,HIT
602,27,HIT
603,44,HIT
604,34,HIT
605,44,HIT
606,16,HIT
607,2,HIT
608,29,HIT
609,29,HIT
610,16,HIT
611,31,HIT
612,16,HIT
613,11,HIT
614,27,HIT
615,11,HIT
616,2,HIT
617,2,HIT
618,44,HIT
619,34,HIT
620,31,HIT
621,34,HIT
622,44,HIT
623,39,HIT
624,9,HIT
625,39,HIT
626,2,HIT
627,39,HIT
628,44,HIT
629,44,HIT
630,16,HIT
631,27,HIT
632,29,HIT
633,39,HIT
634,34,HIT
635,27,HIT
636,29,HIT
637,2,HIT
638,16,HIT
639,44,HIT
640,34,HIT
641,27,HIT
642,34,HIT
643,31,HIT
644,44,HIT
645,29,HIT
646,27,HIT
647,31,HIT
648,2,HIT
649,11,HIT
650,2,HIT
651,2,HIT
652,2,HIT
653,9,HIT
654,2,HIT
655,31,HIT
656,34,HIT
657,2,HIT
658,34,HIT
659,39,HIT
660,2,HIT
661,2,HIT
662,34,HIT
663,11,HIT
664,27,HIT
665,9,HIT
666,11,HIT
667,31,HIT
668,27,HIT
669,44,HIT
670,2,HIT
671,39,HIT
672,34,HIT
673,2,HIT
674,29,HIT
675,9,HIT
676,39,HIT
677,9,HIT
678,39,HIT
679,34,HIT
680,29,HIT
681,16,HIT
682,39,HIT
683,29,HIT
684,39,HIT
685,29,HIT
686,44,HIT
687,11,HIT
688,39,HIT
689,31,HIT
690,31,HIT
691,44,HIT
692,44,HIT
693,9,HIT
694,39,HIT
695,29,HIT
696,16,HIT
697,34,HIT
698,29,HIT
699,39,HIT
700,2,HIT
701,29,HIT
702,34,HIT
703,39,HIT
704,31,HIT
705,44,HIT
706,44,HIT
707,34,HIT
708,9,HIT
709,16,HIT
710,29,HIT
711,39,HIT
712,9,HIT
713,34,HIT
714,27,HIT
715,27,HIT
716,16,HIT
717,31,HIT
718,44,HIT
719,39,HIT
720,29,HIT
721,16,HIT
722,2,HIT
723,44,HIT
724,2,HIT
725,31,HIT
726,29,HIT
727,29,HIT
728,39,HIT
729,44,HIT
730,34,HIT
731,2,HIT
732,44,HIT
733,9,HIT
734,44,HIT
735,29,HIT
736,44,HIT
737,27,HIT
738,16,HIT
739,29,HIT
740,27,HIT
741,39,HIT
742,29,HIT
743,9,HIT
744,44,HIT
745,2,HIT
746,16,HIT
747,16,HIT
748,29,HIT
749,27,HIT
750,11,HIT
751,31,HIT
752,44,HIT
753,2,HIT
754,9,HIT
755,31,HIT
756,34,HIT
757,31,HIT
758,34,HIT
759,39,HIT
760,2,HIT
761,16,HIT
762,34,HIT
763,29,HIT
764,2,HIT
765,2,HIT
766,29,HIT
767,27,HIT
768,34,HIT
769,9,HIT
770,39,HIT
771,2,HIT
772,11,HIT
773,31,HIT
774,39,HIT
775,34,HIT
776,11,HIT
777,29,HIT
778,9,HIT
779,39,HIT
780,16,HIT
781,11,HIT
782,27,HIT
783,44,HIT
784,16,HIT
785,27,HIT
786,34,HIT
787,11,HIT
788,31,HIT
789,39,HIT
790,11,HIT
791,39,HIT
792,2,HIT
793,39,HIT
794,31,HIT
795,29,HIT
796,11,HIT
797,29,HIT
798,29,HIT
799,11,HIT
800,16,HIT
801,29,HIT
802,39,HIT
803,31,HIT
804,2,HIT
805,27,HIT
806,44,HIT
807,27,HIT
808,34,HIT
809,11,HIT
810,31,HIT
811,31,HIT
812,44,HIT
813,11,HIT
814,16,HIT
815,39,HIT
816,31,HIT
817,39,HIT
818,2,HIT
819,29,HIT
820,34,HIT
821,9,HIT
822,2,HIT
823,39,HIT
824,39,HIT
825,2,HIT
826,16,HIT
827,11,HIT
828,31,HIT
829,9,HIT
830,16,HIT
831,34,HIT
832,31,HIT
833,11,HIT
834,44,HIT
835,2,HIT
836,16,HIT
837,31,HIT
838,29,HIT
839,34,HIT
840,2,HIT
841,31,HIT
842,34,HIT
843,16,HIT
844,9,HIT
845,16,HIT
846,27,HIT
847,11,HIT
848,16,HIT
849,16,HIT
850,2,HIT
851,29,HIT
852,27,HIT
853,9,HIT
854,39,HIT
855,9,HIT
856,39,HIT
857,31,HIT
858,27,HIT
859,27,HIT
860,27,HIT
861,27,HIT
862,29,HIT
863,9,HIT
864,11,HIT
865,11,HIT
866,34,HIT
867,9,HIT
868,27,HIT
869,16,HIT
870,9,HIT
871,9,HIT
872,16,HIT
873,9,HIT
874,31,HIT
875,11,HIT
876,34,HIT
877,9,HIT
878,11,HIT
879,2,HIT
880,44,HIT
881,44,HIT
882,44,HIT
883,34,HIT
884,44,HIT
885,2,HIT
886,39,HIT
887,16,HIT
888,2,HIT
889,2,HIT
890,44,HIT
891,2,HIT
892,29,HIT
893,31,HIT
894,31,HIT
895,2,HIT
896,27,HIT
897,31,HIT
898,39,HIT
899,31,HIT
900,2,HIT
901,9,HIT
902,11,HIT
903,39,HIT
904,29,HIT
905,9,HIT
906,9,HIT
907,34,HIT
908,16,HIT
909,9,HIT
910,27,HIT
911,2,HIT
912,9,HIT
913,16,HIT
914,31,HIT
915,39,HIT
916,16,HIT
917,39,HIT
918,27,HIT
919,44,HIT
920,2,HIT
921,2,HIT
922,29,HIT
923,11,HIT
924,34,HIT
925,31,HIT
926,9,HIT
927,34,HIT
928,31,HIT
929,9,HIT
930,39,HIT
931,29,HIT
932,29,HIT
933,29,HIT
934,31,HIT
935,44,HIT
936,11,HIT
937,29,HIT
938,29,HIT
939,39,HIT
940,16,HIT
941,44,HIT
942,44,HIT
943,16,HIT
944,11,HIT
945,44,HIT
946,11,HIT
947,16,HIT
948,39,HIT
949,29,HIT
950,9,HIT
951,29,HIT
952,31,HIT
953,39,HIT
954,27,HIT
955,44,HIT
956,9,HIT
957,29,HIT
958,27,HIT
959,44,HIT
960,11,HIT
961,2,HIT
962,44,HIT
963,11,HIT
964,27,HIT
965,11,HIT
966,2,HIT
967,34,HIT
968,27,HIT
969,29,HIT
970,34,HIT
971,11,HIT
972,16,HIT
973,39,HIT
974,27,HIT
975,11,HIT
976,44,HIT
977,9,HIT
978,44,HIT
979,27,HIT
980,2,HIT
981,34,HIT
982,16,HIT
983,11,HIT
984,11,HIT
985,29,HIT
986,44,HIT
987,9,HIT
988,9,HIT
989,29,HIT
990,9,HIT
991,9,HIT
992,2,HIT
993,9,HIT
994,34,HIT
995,9,HIT
996,44,HIT
997,2,HIT
998,34,HIT
999,16,HIT
1000,9,HIT
Total Hits: 940, Total Misses: 60
